{"cameraMode":{"drawMode":0,"name":"Shaded","section":"Shading Mode"},"sceneLighting":true,"audioPlay":false,"sceneViewState":{"showFog":true,"showMaterialUpdate":false,"showSkybox":true,"showFlares":true,"showImageEffects":true,"showParticleSystems":true},"in2DMode":false,"pivot":{"x":651.1316528320313,"y":-1747.3011474609375,"z":691.0604248046875},"rotation":{"x":0.464945912361145,"y":-0.171133890748024,"z":0.09211990237236023,"w":0.8637433052062988},"size":4475.03369140625,"orthographic":false}